side,bucket,indicator_bucket,trades,positive_trades,avg_positive_pips,median_positive_pips,positive_rate,avg_all_pips,pivot_first_rate,indicator
BUY,00-05%,ATR_Q5,58,46.0,3.8413043478262807,2.7666666666666515,0.7931034482758621,-0.4504597701147573,0.9310344827586207,atr_bucket
BUY,00-05%,WR_-90_-80,30,22.0,2.983333333333599,2.266666666667817,0.7333333333333333,-1.568722222222154,0.9333333333333333,wr_band
BUY,00-05%,WR_-80_-20,104,69.0,2.920772946860123,1.8333333333335984,0.6634615384615384,-0.20810897435885345,0.9519230769230769,wr_band
BUY,00-05%,RSI_20_80,118,72.0,2.51342592592607,1.8833333333338373,0.6101694915254238,-1.8059039548021691,0.9152542372881356,rsi_band
BUY,00-05%,ATR_Q4,49,32.0,2.3895833333337677,1.8666666666666174,0.6530612244897959,-1.50030612244868,0.9183673469387755,atr_bucket
BUY,05-10%,ATR_Q5,39,30.0,10.305555555555552,10.083333333333911,0.7692307692307693,-7.22282051282074,0.7692307692307693,atr_bucket
BUY,05-10%,ATR_Q4,45,39.0,6.351282051282172,6.099999999999795,0.8666666666666667,-1.6965185185183662,0.8666666666666667,atr_bucket
BUY,05-10%,ATR_Q3,51,43.0,6.146511627906697,5.999999999999318,0.8431372549019608,-1.1369281045754178,0.8431372549019608,atr_bucket
BUY,05-10%,WR_-80_-20,117,93.0,6.081003584229274,5.466666666665333,0.7948717948717948,-3.8336467236468534,0.8034188034188035,wr_band
BUY,05-10%,BBZ_-1.5_1.5,157,127.0,5.967716535432939,5.266666666664378,0.8089171974522293,-3.2966242038217817,0.8152866242038217,bbz_band
BUY,10-15%,ATR_Q5,56,47.0,22.032624113475297,18.666666666668675,0.8392857142857143,7.156160714285881,0.8392857142857143,atr_bucket
BUY,10-15%,RSI_0_5,33,25.0,20.32533333333373,15.66666666666856,0.7575757575757576,-3.0117676767675405,0.7575757575757576,rsi_band
BUY,10-15%,WR_-90_-80,34,27.0,17.40123456790113,14.26666666666756,0.7941176470588235,2.690980392156759,0.7941176470588235,wr_band
BUY,10-15%,RSI_10_20,44,29.0,15.148275862068793,11.83333333333303,0.6590909090909091,-6.258409090909052,0.6590909090909091,rsi_band
BUY,10-15%,BBZ_-2.0_-1.5,37,28.0,15.009523809524039,13.516666666666111,0.7567567567567568,-1.0691441441437894,0.7567567567567568,bbz_band
BUY,15-20%,ATR_Q5,73,45.0,27.20666666666657,28.633333333335088,0.6164383561643836,-14.4023744292238,0.6164383561643836,atr_bucket
BUY,15-20%,RSI_0_5,47,32.0,23.31979166666638,19.649999999999835,0.6808510638297872,-9.350390070922169,0.6808510638297872,rsi_band
BUY,15-20%,ATR_Q4,72,49.0,21.89659863945539,19.333333333331893,0.6805555555555556,-2.1974305555559495,0.6805555555555556,atr_bucket
BUY,15-20%,WR_-95_-90,38,27.0,21.869135802468925,18.999999999998863,0.7105263157894737,-5.994868421052812,0.7105263157894737,wr_band
BUY,15-20%,WR_-80_-20,161,98.0,21.481292517006572,17.616666666665083,0.6086956521739131,-5.848964803312768,0.6086956521739131,wr_band
BUY,20-25%,ATR_Q5,87,45.0,47.64370370370367,43.56666666666678,0.5172413793103449,-3.733026819923443,0.5172413793103449,atr_bucket
BUY,20-25%,WR_-90_-80,30,13.0,42.664102564102116,37.16666666666748,0.43333333333333335,-8.370388888889133,0.43333333333333335,wr_band
BUY,20-25%,WR_-95_-90,51,29.0,37.05862068965529,36.83333333333445,0.5686274509803921,-6.019901960784161,0.5686274509803921,wr_band
BUY,20-25%,RSI_10_20,65,35.0,36.39714285714297,35.23333333333392,0.5384615384615384,-3.363666666666426,0.5384615384615384,rsi_band
BUY,20-25%,RSI_5_10,40,19.0,36.038596491227786,28.299999999999216,0.475,-15.528500000000122,0.475,rsi_band
BUY,25-30%,ATR_Q5,60,26.0,54.574358974359015,49.0,0.43333333333333335,-5.751277777777717,0.43333333333333335,atr_bucket
BUY,25-30%,RSI_0_5,34,22.0,44.63333333333372,38.66666666666612,0.6470588235294118,7.622205882352904,0.6470588235294118,rsi_band
BUY,25-30%,BBZ_-2.0_-1.5,33,16.0,38.17916666666663,39.18333333333288,0.48484848484848486,-5.483838383838535,0.48484848484848486,bbz_band
BUY,25-30%,RSI_5_10,40,17.0,37.25294117647034,35.73333333333062,0.425,-7.478541666666544,0.425,rsi_band
BUY,25-30%,RSI_10_20,43,21.0,37.122222222222234,40.4999999999992,0.4883720930232558,-1.6725968992246607,0.4883720930232558,rsi_band
BUY,30-35%,WR_-100_-95,31,15.0,62.03111111111102,66.16666666666669,0.4838709677419355,10.82344086021501,0.4838709677419355,wr_band
BUY,30-35%,RSI_0_5,31,15.0,61.70222222222211,66.13333333333367,0.4838709677419355,9.494623655914015,0.4838709677419355,rsi_band
BUY,30-35%,BBZ_-1.5_1.5,58,32.0,36.219791666666424,29.349999999999966,0.5517241379310345,5.284051724137738,0.5517241379310345,bbz_band
BUY,30-35%,WR_-80_-20,42,25.0,32.962666666666394,25.833333333334508,0.5952380952380952,6.388690476190246,0.5952380952380952,wr_band
SELL,00-05%,ATR_Q5,63,46.0,3.7036231884057145,3.3333333333336554,0.7301587301587301,-7.2005291005292404,0.8888888888888888,atr_bucket
SELL,00-05%,WR_-80_-20,145,97.0,2.715463917525626,1.9999999999972715,0.6689655172413793,-3.1692413793104492,0.9310344827586207,wr_band
SELL,00-05%,ATR_Q4,59,33.0,2.6060606060602978,2.133333333332189,0.559322033898305,-3.2830790960453333,0.9152542372881356,atr_bucket
SELL,00-05%,RSI_20_80,139,85.0,2.5007843137255095,1.6666666666670835,0.6115107913669064,-4.940551558752937,0.9064748201438849,rsi_band
SELL,00-05%,BBZ_-1.5_1.5,188,123.0,2.3951219512194677,1.5000000000005684,0.6542553191489362,-1.4630141843971889,0.9468085106382979,bbz_band
SELL,05-10%,ATR_Q5,65,58.0,9.718390804597753,9.266666666666424,0.8923076923076924,2.1357692307692386,0.8923076923076924,atr_bucket
SELL,05-10%,RSI_80_90,31,27.0,8.070370370370574,6.933333333335213,0.8709677419354839,2.4858602150539157,0.8709677419354839,rsi_band
SELL,05-10%,WR_-80_-20,145,122.0,7.712841530054784,7.0000000000012506,0.8413793103448276,-0.5100574712642745,0.8413793103448276,wr_band
SELL,05-10%,ATR_Q4,57,46.0,7.537681159420514,7.3666666666672995,0.8070175438596491,-3.33538011695883,0.8070175438596491,atr_bucket
SELL,05-10%,BBZ_-1.5_1.5,200,164.0,7.036178861788669,6.550000000000523,0.82,-2.4119833333333247,0.82,bbz_band
SELL,10-15%,ATR_Q5,65,56.0,20.17619047619014,16.250000000001364,0.8615384615384616,9.214641025640784,0.8615384615384616,atr_bucket
SELL,10-15%,RSI_80_90,40,38.0,13.989473684210521,10.600000000001387,0.95,9.528750000000073,0.95,rsi_band
SELL,10-15%,WR_-20_-10,59,50.0,13.936000000000009,10.633333333334406,0.847457627118644,3.688559322033849,0.847457627118644,wr_band
SELL,10-15%,BBZ_1.5_2.0,37,32.0,13.078124999999853,9.966666666666924,0.8648648648648649,6.1358108108107965,0.8648648648648649,bbz_band
SELL,10-15%,BBZ_-1.5_1.5,175,141.0,12.326713947990331,10.000000000001364,0.8057142857142857,0.9334190476188999,0.8057142857142857,bbz_band
SELL,15-20%,ATR_Q5,60,48.0,26.2638888888892,24.433333333334218,0.8,5.701694444444802,0.8,atr_bucket
SELL,15-20%,ATR_Q4,75,55.0,20.249696969696878,20.599999999997976,0.7333333333333333,3.2725777777777503,0.7333333333333333,atr_bucket
SELL,15-20%,WR_-80_-20,126,92.0,20.04927536231903,18.266666666668186,0.7301587301587301,3.1288888888891235,0.7301587301587301,wr_band
SELL,15-20%,WR_-20_-10,37,28.0,19.010714285714013,13.916666666664469,0.7567567567567568,2.0145945945941937,0.7567567567567568,wr_band
SELL,15-20%,RSI_95_100,49,40.0,19.001666666666438,16.083333333332718,0.8163265306122449,6.14295918367327,0.8163265306122449,rsi_band
SELL,20-25%,ATR_Q5,109,69.0,45.49758454106294,44.43333333333521,0.6330275229357798,5.2302752293579395,0.6330275229357798,atr_bucket
SELL,20-25%,WR_-10_-5,64,38.0,37.32105263157909,32.35000000000008,0.59375,1.5902083333336328,0.59375,wr_band
SELL,20-25%,BBZ_2.0_2.5,34,25.0,35.2973333333332,33.166666666664014,0.7352941176470589,13.55838235294117,0.7352941176470589,bbz_band
SELL,20-25%,RSI_90_95,51,27.0,34.896296296296484,29.666666666664355,0.5294117647058824,-2.169052287581497,0.5294117647058824,rsi_band
SELL,20-25%,WR_-20_-10,37,29.0,31.232183908046142,26.33333333333121,0.7837837837837838,16.550405405405336,0.7837837837837838,wr_band
SELL,25-30%,ATR_Q5,69,40.0,50.48000000000007,48.66666666666626,0.5797101449275363,5.473695652173966,0.5797101449275363,atr_bucket
SELL,25-30%,RSI_90_95,55,23.0,38.43188405797089,36.699999999999534,0.41818181818181815,-1.7561818181819613,0.41818181818181815,rsi_band
SELL,25-30%,WR_-80_-20,146,69.0,35.896618357487824,30.299999999998818,0.4726027397260274,-3.1992465753424724,0.4726027397260274,wr_band
SELL,25-30%,ATR_Q4,85,45.0,35.011111111110544,34.33333333333388,0.5294117647058824,-1.0010980392160906,0.5294117647058824,atr_bucket
SELL,25-30%,WR_-5_0,109,60.0,33.416666666666394,29.716666666667436,0.5504587155963303,1.7953822629968075,0.5504587155963303,wr_band
SELL,30-35%,ATR_Q5,50,24.0,46.31249999999978,50.48333333333284,0.48,3.414333333333076,0.48,atr_bucket
SELL,30-35%,ATR_Q4,46,17.0,40.858823529411346,39.13333333333407,0.3695652173913043,-4.10768115942024,0.3695652173913043,atr_bucket
SELL,30-35%,WR_-5_0,66,27.0,37.56049382716059,33.6666666666664,0.4090909090909091,-6.640454545454507,0.4090909090909091,wr_band
SELL,30-35%,RSI_80_90,44,24.0,36.92222222222227,33.74999999999824,0.5454545454545454,6.0176515151516465,0.5454545454545454,rsi_band
SELL,30-35%,WR_-80_-20,76,37.0,36.181981981981835,29.333333333334167,0.4868421052631579,3.4730701754385094,0.4868421052631579,wr_band
